,ocid,template
0,ocds-591adf-3757991515,oneoff
1,ocds-591adf-4472360738,1A
2,ocds-591adf-6005604716,1B
3,ocds-591adf-0929569171,1A
4,ocds-591adf-1835848694,1B
5,ocds-591adf-4977579802,1A
6,ocds-591adf-3212507685,1A
7,ocds-591adf-5978990122,3B
8,ocds-591adf-8201633114,3B
9,ocds-591adf-0075411163,1A
10,ocds-591adf-2543839071,1A
11,ocds-591adf-1990915353,1A
12,ocds-591adf-1393397662,1C
13,ocds-591adf-8368260751,
14,ocds-591adf-9844860754,1C
15,ocds-591adf-9208160921,1A
16,ocds-591adf-6696511613,1A
17,ocds-591adf-0083596491,1A
18,ocds-591adf-1900505079,1C
19,ocds-591adf-6012864853,1C
20,ocds-591adf-6155018199,1C
21,ocds-591adf-3824268091,1C
22,ocds-591adf-3751727488,1C
23,ocds-591adf-1424338090,1C
24,ocds-591adf-0640514048,1A
25,ocds-591adf-8564429744,1C
26,ocds-591adf-0781051765,1A
27,ocds-591adf-0421393552,1C
28,ocds-591adf-0742047974,1C
29,ocds-591adf-2719937589,1A
30,ocds-591adf-6626006637,1C
31,ocds-591adf-0982191402,2A
32,ocds-591adf-1344520384,2A
33,ocds-591adf-0048769837,2B
34,ocds-591adf-7753481070,1B
35,ocds-591adf-8803822988,1B
36,ocds-591adf-2676173933,1C
37,ocds-591adf-0304549855,1A
38,ocds-591adf-3762562951,1C
39,ocds-591adf-6713867467,1C
40,ocds-591adf-1599142675,1A
41,ocds-591adf-0374172483,1C
42,ocds-591adf-3173477058,1A
43,ocds-591adf-7087857453,2C
44,ocds-591adf-6749062117,2C
45,ocds-591adf-9584199744,1B
46,ocds-591adf-0027576505,1C
47,ocds-591adf-4053965677,1A
48,ocds-591adf-9864231586,1C
49,ocds-591adf-4023162861,1C
50,ocds-591adf-3484002062,1B
51,ocds-591adf-2324387295,1A
52,ocds-591adf-7725261062,1C
53,ocds-591adf-2960921626,1A
54,ocds-591adf-6266688800,1B
55,ocds-591adf-1063902547,1B
56,ocds-591adf-4891419551,1B
57,ocds-591adf-4539146649,1B
58,ocds-591adf-7995387830,1A
59,ocds-591adf-1953187130,1A
60,ocds-591adf-0856116931,1C
61,ocds-591adf-6176694140,1A
62,ocds-591adf-5392099279,1B
63,ocds-591adf-7711595368,1B
64,ocds-591adf-1959450407,1A
65,ocds-591adf-4515839887,1A
66,ocds-591adf-2985497670,1A
67,ocds-591adf-2076816277,1B
68,ocds-591adf-8951550494,1B
69,ocds-591adf-6577988969,1C
70,ocds-591adf-8065650563,1B
71,ocds-591adf-6112091133,1A
72,ocds-591adf-5792651943,1A
73,ocds-591adf-5848991193,1A
74,ocds-591adf-3419068261,2A
75,ocds-591adf-5834131316,2A
76,ocds-591adf-8560734374,1A
77,ocds-591adf-3434080334,1A
78,ocds-591adf-1142200771,1B
79,ocds-591adf-9645096819,1A
80,ocds-591adf-2272060363,1A
81,ocds-591adf-7304502537,2C
82,ocds-591adf-6203514165,2C
83,ocds-591adf-4966736928,1A
84,ocds-591adf-5976674032,1C
85,ocds-591adf-3508491732,2B
86,ocds-591adf-8228200502,2A
87,ocds-591adf-3710317476,1B
88,ocds-591adf-9316230710,3B
89,ocds-591adf-7493980687,1A
90,ocds-591adf-6872304960,1A
91,ocds-591adf-8331896069,2B
92,ocds-591adf-7882794324,2B
93,ocds-591adf-4204873445,1B
94,ocds-591adf-6115191223,2A
95,ocds-591adf-3223591068,1B
96,ocds-591adf-0864633129,1A
97,ocds-591adf-0070222386,2C
98,ocds-591adf-5358845209,2B
99,ocds-591adf-0857214071,1C
100,ocds-591adf-7919066275,1A
101,ocds-591adf-6724750267,1A
102,ocds-591adf-8934817155,1A
103,ocds-591adf-2908318711,2B
104,ocds-591adf-6935276590,1A
105,ocds-591adf-7793227103,2B
106,ocds-591adf-5317018229,2B
107,ocds-591adf-7093801876,1C
108,ocds-591adf-2269582291,2C
109,ocds-591adf-3157711052,1A
110,ocds-591adf-3316958152,1C
111,ocds-591adf-6326691263,1A
112,ocds-591adf-9201648630,2A
113,ocds-591adf-9115310768,2C
114,ocds-591adf-8820234307,2C
115,ocds-591adf-9669671805,1A
116,ocds-591adf-0616817020,2C
117,ocds-591adf-0855371527,2C
118,ocds-591adf-0921285528,2C
119,ocds-591adf-7718448031,2C
120,ocds-591adf-0737892348,2C
121,ocds-591adf-2862910055,2B
122,ocds-591adf-7818544606,2B
123,ocds-591adf-4909665590,1A
124,ocds-591adf-1432977950,2C
125,ocds-591adf-6800054916,2C
126,ocds-591adf-3437474455,2C
127,ocds-591adf-7212601903,2B
128,ocds-591adf-8001318248,2C
129,ocds-591adf-8307320141,2C
130,ocds-591adf-2635755922,2C
131,ocds-591adf-6187166467,2C
132,ocds-591adf-6237477089,2C
133,ocds-591adf-0925073922,2C
134,ocds-591adf-0621960018,2C
135,ocds-591adf-2096071243,2C
136,ocds-591adf-2458536233,2A
137,ocds-591adf-3303812608,2C
138,ocds-591adf-4038692961,3A
139,ocds-591adf-4257220858,3A
140,ocds-591adf-3262972300,1A
141,ocds-591adf-5861877010,1A
142,ocds-591adf-7278935628,3A
143,ocds-591adf-7334077617,3A
144,ocds-591adf-9143924043,3A
145,ocds-591adf-3498512231,1B
146,ocds-591adf-1834156729,1B
147,ocds-591adf-5325704581,1B
148,ocds-591adf-1551829611,1B
149,ocds-591adf-1398905143,1B
150,ocds-591adf-3124740910,1A
151,ocds-591adf-7183088348,1A
152,ocds-591adf-7785290402,1A
153,ocds-591adf-3266781739,1C
154,ocds-591adf-4628168337,1A
155,ocds-591adf-0523462294,1B
156,ocds-591adf-5095341388,1A
157,ocds-591adf-0673203082,3B
158,ocds-591adf-6438201695,3A
159,ocds-591adf-8256689662,3A
160,ocds-591adf-5807033310,3A
161,ocds-591adf-8495627494,3A
162,ocds-591adf-7505781090,3A
163,ocds-591adf-3222702771,1B
164,ocds-591adf-5265824533,1B
165,ocds-591adf-8168589938,1C
166,ocds-591adf-6998213818,1B
167,ocds-591adf-0624045737,1A
168,ocds-591adf-9824115736,3A
169,ocds-591adf-2611980689,3A
170,ocds-591adf-2310200643,3A
171,ocds-591adf-1169226658,3A
172,ocds-591adf-1746374385,3A
173,ocds-591adf-6217821664,3A
174,ocds-591adf-7726380026,3B
175,ocds-591adf-9928018094,1A
176,ocds-591adf-6452502161,1B
177,ocds-591adf-2219177832,1A
178,ocds-591adf-5972950624,1B
179,ocds-591adf-3122094392,1B
180,ocds-591adf-7940214801,1A
181,ocds-591adf-5252856192,3B
182,ocds-591adf-0748908016,3B
183,ocds-591adf-6346790077,3B
184,ocds-591adf-0812718718,2B
185,ocds-591adf-0358603254,2A
186,ocds-591adf-4712380251,2A
187,ocds-591adf-5301138756,1C
188,ocds-591adf-7120819444,1B
189,ocds-591adf-7534708827,1B
190,ocds-591adf-8808998078,1B
191,ocds-591adf-3153988550,1A
192,ocds-591adf-0624472233,2A
193,ocds-591adf-1406548730,2A
194,ocds-591adf-5025757871,2A
195,ocds-591adf-2236979409,2A
196,ocds-591adf-7769269550,2A
197,ocds-591adf-2720415109,2A
198,ocds-591adf-0432750635,2A
199,ocds-591adf-1319646931,2A
200,ocds-591adf-4645641333,2A
201,ocds-591adf-5019959439,1B
202,ocds-591adf-1304252678,1B
203,ocds-591adf-4478492664,2A
204,ocds-591adf-2786162362,1A
205,ocds-591adf-4132803471,2A
206,ocds-591adf-0612033463,1B
207,ocds-591adf-4291933927,1A
208,ocds-591adf-5604659447,2A
209,ocds-591adf-4772500162,1A
210,ocds-591adf-9907878295,1B
211,ocds-591adf-0271007010,1A
212,ocds-591adf-0971105244,1B
213,ocds-591adf-6465961214,1A
214,ocds-591adf-0951831892,1B
215,ocds-591adf-7104921871,1A
216,ocds-591adf-7950887599,1B
217,ocds-591adf-1648164093,1A
218,ocds-591adf-1348839751,1A
219,ocds-591adf-1006260515,1B
220,ocds-591adf-5639947926,1C
221,ocds-591adf-1625819385,1A
222,ocds-591adf-5518179157,1C
223,ocds-591adf-6980768373,1B
224,ocds-591adf-6764376338,1B
225,ocds-591adf-1458652954,2A
226,ocds-591adf-2339126006,1B
227,ocds-591adf-4901961894,2A
228,ocds-591adf-5185765046,2A
229,ocds-591adf-6901069067,2A
230,ocds-591adf-5841633425,2A
231,ocds-591adf-0745521051,2A
232,ocds-591adf-1071407854,2A
233,ocds-591adf-8785384336,2A
234,ocds-591adf-4123523800,2A
235,ocds-591adf-4320292802,2A
236,ocds-591adf-4824016790,2A
237,ocds-591adf-8078738904,2C
238,ocds-591adf-9399783777,2A
239,ocds-591adf-6822122534,2B
240,ocds-591adf-8586378215,2A
241,ocds-591adf-4935777771,1C
242,ocds-591adf-6664008036,2A
243,ocds-591adf-3896093794,1A
244,ocds-591adf-9762278042,2C
245,ocds-591adf-9959911142,2B
246,ocds-591adf-9283912352,2C
247,ocds-591adf-9240147546,2A
248,ocds-591adf-5778004498,2A
249,ocds-591adf-1592202126,2A
250,ocds-591adf-9734313855,2A
251,ocds-591adf-0179041608,2A
252,ocds-591adf-2342209022,1A
253,ocds-591adf-6297501032,1A
254,ocds-591adf-2364066400,1A
255,ocds-591adf-0775315324,3B
256,ocds-591adf-0999271614,oneoff
257,ocds-591adf-2514725846,oneoff
258,ocds-591adf-3556799773,1A
259,ocds-591adf-4335802553,1A
260,ocds-591adf-5545997817,1A
261,ocds-591adf-3232305854,1B
262,ocds-591adf-8938335769,3B
263,ocds-591adf-3314121968,3B
264,ocds-591adf-3407308771,3B
265,ocds-591adf-2245683705,3B
266,ocds-591adf-8715839071,3B
267,ocds-591adf-8192707206,3B
268,ocds-591adf-3843755960,3B
269,ocds-591adf-4582194938,1A
270,ocds-591adf-9753464836,1A
271,ocds-591adf-4109359446,1A
272,ocds-591adf-9304437399,3A
273,ocds-591adf-2803262551,3A
274,ocds-591adf-8182388352,3A
275,ocds-591adf-4621680086,3A
276,ocds-591adf-9274917100,3A
277,ocds-591adf-7817707806,3A
278,ocds-591adf-8794785015,3A
279,ocds-591adf-2794595508,3A
280,ocds-591adf-7883996937,3B
281,ocds-591adf-9777809641,3B
282,ocds-591adf-1131018532,3A
283,ocds-591adf-8080364797,3A
284,ocds-591adf-3064471719,1A
285,ocds-591adf-4227152899,3A
286,ocds-591adf-0639959550,1A
287,ocds-591adf-1717693346,1C
288,ocds-591adf-8225982147,1A
289,ocds-591adf-4493079584,3A
290,ocds-591adf-8374292499,3A
291,ocds-591adf-7986289626,3A
292,ocds-591adf-5231571717,1A
293,ocds-591adf-1540020834,3A
294,ocds-591adf-4370598028,3A
295,ocds-591adf-4171377586,3A
296,ocds-591adf-9935055270,3B
297,ocds-591adf-9803917004,3A
298,ocds-591adf-2016664905,3B
299,ocds-591adf-4424676733,3A
300,ocds-591adf-0392502659,3A
301,ocds-591adf-6054858805,3A
302,ocds-591adf-6025391075,3A
303,ocds-591adf-4212712774,3A
304,ocds-591adf-0102398591,3A
305,ocds-591adf-5063934735,3B
306,ocds-591adf-7912152192,3B
307,ocds-591adf-2311124573,3B
308,ocds-591adf-8258374587,3B
309,ocds-591adf-4654148810,3A
310,ocds-591adf-7191720844,3A
311,ocds-591adf-7093724510,3A
312,ocds-591adf-0635276485,3A
313,ocds-591adf-0282645522,3A
314,ocds-591adf-5921220238,3A
315,ocds-591adf-2790333610,3A
316,ocds-591adf-1682951682,3A
317,ocds-591adf-5472217079,3A
318,ocds-591adf-6387856838,1C
319,ocds-591adf-6781195714,1B
320,ocds-591adf-3525416018,1A
321,ocds-591adf-4778033815,1A
322,ocds-591adf-4684953346,1A
323,ocds-591adf-0452027420,1A
324,ocds-591adf-0725247752,2C
325,ocds-591adf-1653821228,2C
326,ocds-591adf-4278971256,2C
327,ocds-591adf-3291421710,1B
328,ocds-591adf-6782493746,3B
329,ocds-591adf-1773665671,3B
330,ocds-591adf-3732969455,3A
331,ocds-591adf-9547768832,3A
332,ocds-591adf-5877840504,1B
333,ocds-591adf-2461556641,2C
334,ocds-591adf-9793996799,2A
335,ocds-591adf-3398398402,1B
336,ocds-591adf-5670442428,2A
337,ocds-591adf-3232099165,2A
338,ocds-591adf-5864859645,3B
339,ocds-591adf-1446070394,2C
340,ocds-591adf-3025980849,1B
341,ocds-591adf-9581547683,1C
342,ocds-591adf-1623268944,1C
343,ocds-591adf-1468696395,1A
344,ocds-591adf-3282184821,1A
345,ocds-591adf-8006566420,1B
346,ocds-591adf-2929284826,1B
347,ocds-591adf-3868054894,1A
348,ocds-591adf-9952953820,3B
349,ocds-591adf-4655560553,3B
350,ocds-591adf-8292727807,1B
351,ocds-591adf-5187167862,2C
352,ocds-591adf-9585889698,2A
353,ocds-591adf-0794043416,2C
354,ocds-591adf-7956236667,2C
355,ocds-591adf-0818116201,2C
356,ocds-591adf-6447452213,2A
357,ocds-591adf-2708910949,3B
358,ocds-591adf-1728453156,2C
359,ocds-591adf-2173819973,2A
360,ocds-591adf-8829493091,2A
361,ocds-591adf-5573905643,2A
362,ocds-591adf-2914071981,2A
363,ocds-591adf-8309911494,2A
364,ocds-591adf-2354828177,2A
365,ocds-591adf-4532921009,2A
366,ocds-591adf-6884489067,2A
367,ocds-591adf-1212255351,2A
368,ocds-591adf-6159269475,2A
369,ocds-591adf-0329969692,2A
370,ocds-591adf-7876582028,2B
371,ocds-591adf-9614633875,2A
372,ocds-591adf-4126162216,2A
373,ocds-591adf-1646757982,2A
374,ocds-591adf-9279619856,2A
375,ocds-591adf-0195471540,2B
376,ocds-591adf-4256986882,2A
377,ocds-591adf-6223535439,2B
378,ocds-591adf-9513647951,2A
379,ocds-591adf-8291017548,2B
380,ocds-591adf-4340569465,2C
381,ocds-591adf-9069819553,2C
382,ocds-591adf-7392078072,2C
383,ocds-591adf-7668743788,3A
384,ocds-591adf-7019279020,3B
385,ocds-591adf-7373772636,3B
386,ocds-591adf-9671561394,3B
387,ocds-591adf-4394332202,3B
388,ocds-591adf-2673437920,2A
389,ocds-591adf-7742398126,2A
390,ocds-591adf-3522869491,2A
391,ocds-591adf-6223009974,2A
392,ocds-591adf-9274016935,2A
393,ocds-591adf-6550040376,2A
394,ocds-591adf-9797336341,2A
395,ocds-591adf-0865738708,oneoff
396,ocds-591adf-3298436391,2A
397,ocds-591adf-6045242845,2A
398,ocds-591adf-3987260466,2A
399,ocds-591adf-1707765023,2A
400,ocds-591adf-3232596076,2B
401,ocds-591adf-8754689107,2B
402,ocds-591adf-0384305176,2B
403,ocds-591adf-6586431002,2B
404,ocds-591adf-9772125463,2B
405,ocds-591adf-4593039624,2B
406,ocds-591adf-7183003194,2B
407,ocds-591adf-6598130484,1B
408,ocds-591adf-0131932458,1A
409,ocds-591adf-9860696363,2B
410,ocds-591adf-8165050847,2B
411,ocds-591adf-3579530129,2B
412,ocds-591adf-2129008362,3B
413,ocds-591adf-8649797663,1C
414,ocds-591adf-2512096783,1B
415,ocds-591adf-6269628288,2B
416,ocds-591adf-8410434628,3B
417,ocds-591adf-3967759096,3B
418,ocds-591adf-8389267165,2B
419,ocds-591adf-2442991544,2B
420,ocds-591adf-7072066225,2B
421,ocds-591adf-0858102407,1C
422,ocds-591adf-1098953613,2B
423,ocds-591adf-4936090412,2B
424,ocds-591adf-4060184798,2B
425,ocds-591adf-6914808285,2B
426,ocds-591adf-0196832200,2B
427,ocds-591adf-5679260083,2B
428,ocds-591adf-6802373800,2B
429,ocds-591adf-9524747307,3A
430,ocds-591adf-3604158543,2B
431,ocds-591adf-2132329479,3B
432,ocds-591adf-2727436983,2B
433,ocds-591adf-3251239997,3B
434,ocds-591adf-4777602941,3B
435,ocds-591adf-3339136956,3B
436,ocds-591adf-3096170926,3A
437,ocds-591adf-6209593883,3A
438,ocds-591adf-7968305907,3A
439,ocds-591adf-7411546128,3B
440,ocds-591adf-1465592851,3A
441,ocds-591adf-8841944380,3A
442,ocds-591adf-5502075847,3B
443,ocds-591adf-9572710160,3B
444,ocds-591adf-2429560565,3B
445,ocds-591adf-5852837933,3A
446,ocds-591adf-6952213166,3B
447,ocds-591adf-2380665573,3B
448,ocds-591adf-3071501652,3B
449,ocds-591adf-1038726743,3B
450,ocds-591adf-6181255605,3B
451,ocds-591adf-6235180849,3B
452,ocds-591adf-5133948327,1C
453,ocds-591adf-1090030190,2B
454,ocds-591adf-3927311570,3A
455,ocds-591adf-9405332913,3B
456,ocds-591adf-8059662450,3A
457,ocds-591adf-0856180292,3A
458,ocds-591adf-2747761504,3B
459,ocds-591adf-4212136752,3A
460,ocds-591adf-3477938306,3A
461,ocds-591adf-6679678599,3A
462,ocds-591adf-3939357031,3A
463,ocds-591adf-2529047700,3A
464,ocds-591adf-3556619129,3A
465,ocds-591adf-8058401040,3A
466,ocds-591adf-9477584062,3A
467,ocds-591adf-0274601496,1A
468,ocds-591adf-0578902365,2A
469,ocds-591adf-3068184322,3B
470,ocds-591adf-9434640219,3B
471,ocds-591adf-7220585943,3A
472,ocds-591adf-3170203996,2B
473,ocds-591adf-1730479724,2A
474,ocds-591adf-9113476125,2A
475,ocds-591adf-0913772296,2B
476,ocds-591adf-2638809504,2B
477,ocds-591adf-6416547750,2B
478,ocds-591adf-2646219234,2B
479,ocds-591adf-9586019222,2A
480,ocds-591adf-6422560237,1B
481,ocds-591adf-4441260961,2B
482,ocds-591adf-8002365116,2B
483,ocds-591adf-7956935647,2B
484,ocds-591adf-9756374456,3B
485,ocds-591adf-4853835578,1B
486,ocds-591adf-4661870534,3A
487,ocds-591adf-6180313215,3B
488,ocds-591adf-5374338853,2A
489,ocds-591adf-6096601128,3B
490,ocds-591adf-1864684418,2C
491,ocds-591adf-0171845422,1A
492,ocds-591adf-1934720031,1A
493,ocds-591adf-3001376476,1B
494,ocds-591adf-5545717486,2B
495,ocds-591adf-1820674929,2C
496,ocds-591adf-4413175528,1B
497,ocds-591adf-8987387726,1B
498,ocds-591adf-1718452998,1A
499,ocds-591adf-9552222925,1C
500,ocds-591adf-0851930818,1C
501,ocds-591adf-7078250592,1A
502,ocds-591adf-8344502322,1A
503,ocds-591adf-8810576476,1A
504,ocds-591adf-2901517891,1A
505,ocds-591adf-6234023717,3B
506,ocds-591adf-2587229116,1A
507,ocds-591adf-3664745125,1A
508,ocds-591adf-3090927242,3B
509,ocds-591adf-6484217517,1A
510,ocds-591adf-4141862922,1A
511,ocds-591adf-2327028479,1C
512,ocds-591adf-7888022700,1C
513,ocds-591adf-2437234184,1B
514,ocds-591adf-9308829862,1A
515,ocds-591adf-3538681265,1C
516,ocds-591adf-6822686270,1A
517,ocds-591adf-3498737512,1A
518,ocds-591adf-4283019703,1C
519,ocds-591adf-9564139780,1C
520,ocds-591adf-3156014237,1C
521,ocds-591adf-8082857980,1A
522,ocds-591adf-5963366284,1C
523,ocds-591adf-6645823668,1C
524,ocds-591adf-4197629132,1A
525,ocds-591adf-7265722663,1A
526,ocds-591adf-2939708932,1A
527,ocds-591adf-2413059585,1C
528,ocds-591adf-1713256223,1C
529,ocds-591adf-8486546892,1C
530,ocds-591adf-3363161868,1C
531,ocds-591adf-4379373179,1A
532,ocds-591adf-9492198891,1C
533,ocds-591adf-2593066531,1C
534,ocds-591adf-1946181466,1C
535,ocds-591adf-1737251309,1C
536,ocds-591adf-2393158296,1C
537,ocds-591adf-8380393006,1C
538,ocds-591adf-2224660176,1B
539,ocds-591adf-2547744131,1C
540,ocds-591adf-8842204633,2A
541,ocds-591adf-3613534944,2A
542,ocds-591adf-0132736861,2A
543,ocds-591adf-2534404074,2A
544,ocds-591adf-0436742749,2C
545,ocds-591adf-6052532458,2B
546,ocds-591adf-5187809188,2B
547,ocds-591adf-2006588351,2B
548,ocds-591adf-2133665701,2B
549,ocds-591adf-9204868147,2B
550,ocds-591adf-0181178415,1B
551,ocds-591adf-5030923648,1B
552,ocds-591adf-7317531109,1A
553,ocds-591adf-3053805650,1C
554,ocds-591adf-4397912652,1B
555,ocds-591adf-6290205772,1B
556,ocds-591adf-7195280809,1B
557,ocds-591adf-0771447862,1B
558,ocds-591adf-0617728514,1C
559,ocds-591adf-9168209192,1A
560,ocds-591adf-0281884724,1B
561,ocds-591adf-3857833819,1B
562,ocds-591adf-4332004799,1C
563,ocds-591adf-2359558815,3B
564,ocds-591adf-0538930488,2B
565,ocds-591adf-0839745741,1B
566,ocds-591adf-0866875345,1C
567,ocds-591adf-5531614911,1C
568,ocds-591adf-2853097771,1C
569,ocds-591adf-2346555490,1C
570,ocds-591adf-4016172435,1C
571,ocds-591adf-2532469644,1C
572,ocds-591adf-0569891533,1B
573,ocds-591adf-5424836511,1A
574,ocds-591adf-7890264225,3B
575,ocds-591adf-4299664636,1B
576,ocds-591adf-3670075937,1A
577,ocds-591adf-8131023957,1A
578,ocds-591adf-1706855956,1B
579,ocds-591adf-5207837052,1C
580,ocds-591adf-1311917983,1A
581,ocds-591adf-2844229205,1C
582,ocds-591adf-1837020943,1A
583,ocds-591adf-2742639589,1A
584,ocds-591adf-8680575885,1A
585,ocds-591adf-4530655807,1A
586,ocds-591adf-6662917447,1A
587,ocds-591adf-6793116734,1C
588,ocds-591adf-7082676166,1A
589,ocds-591adf-5888157546,1A
590,ocds-591adf-8175265085,1C
591,ocds-591adf-8844534381,1A
592,ocds-591adf-6669092902,1C
593,ocds-591adf-0987434231,1C
594,ocds-591adf-3110313528,1C
595,ocds-591adf-4402690469,1B
596,ocds-591adf-8841781775,1B
597,ocds-591adf-1022255942,1B
598,ocds-591adf-5507758701,1B
599,ocds-591adf-2740538018,1B
600,ocds-591adf-4055296582,1A
601,ocds-591adf-2676416271,1C
602,ocds-591adf-0933270364,2A
603,ocds-591adf-6186641258,2A
604,ocds-591adf-4571322578,1A
605,ocds-591adf-1800799116,1C
606,ocds-591adf-8326933932,2B
607,ocds-591adf-6781259404,1A
608,ocds-591adf-7302954640,1B
609,ocds-591adf-9311596646,1B
610,ocds-591adf-0322676277,2C
611,ocds-591adf-5843369681,2A
612,ocds-591adf-9666004480,1B
613,ocds-591adf-2701755628,2B
614,ocds-591adf-1439759928,2B
615,ocds-591adf-2174165257,2B
616,ocds-591adf-5995949665,2B
617,ocds-591adf-0284944940,2B
618,ocds-591adf-7186545344,2B
619,ocds-591adf-6476275683,1A
620,ocds-591adf-5498680840,1B
621,ocds-591adf-5871784501,1B
622,ocds-591adf-2556454498,2A
623,ocds-591adf-3464976954,1B
624,ocds-591adf-3888035061,1B
625,ocds-591adf-9217575339,1A
626,ocds-591adf-0290550345,2C
627,ocds-591adf-8767626914,3B
628,ocds-591adf-3715190319,3B
629,ocds-591adf-5706330973,3B
630,ocds-591adf-2694908194,3B
631,ocds-591adf-0486711239,3A
632,ocds-591adf-0420029369,3B
633,ocds-591adf-5773057513,1B
634,ocds-591adf-2761455866,1B
635,ocds-591adf-7235685315,3B
636,ocds-591adf-5942699559,3B
637,ocds-591adf-4401416794,3A
638,ocds-591adf-6072311720,1A
639,ocds-591adf-9628733185,1C
640,ocds-591adf-4483792440,2C
641,ocds-591adf-2396569119,2A
642,ocds-591adf-7468099467,2C
643,ocds-591adf-5287224641,1A
644,ocds-591adf-6473088962,2C
645,ocds-591adf-4275857516,2A
646,ocds-591adf-4375805114,1B
647,ocds-591adf-3040403851,2B
648,ocds-591adf-9316251017,1B
649,ocds-591adf-2074895725,1B
650,ocds-591adf-8547023144,1A
651,ocds-591adf-2799343658,1B
652,ocds-591adf-6064437287,1A
653,ocds-591adf-6351654111,1A
654,ocds-591adf-4357346394,1A
655,ocds-591adf-6091789645,1A
656,ocds-591adf-5444707467,1A
657,ocds-591adf-1015803430,1C
658,ocds-591adf-3108627390,1A
659,ocds-591adf-1544398979,1B
660,ocds-591adf-9203793811,1C
661,ocds-591adf-5233340063,1C
662,ocds-591adf-3848739629,1C
663,ocds-591adf-0115707939,1C
664,ocds-591adf-4155836612,1C
665,ocds-591adf-9374734729,1C
666,ocds-591adf-1812118383,3B
667,ocds-591adf-2045508917,1A
668,ocds-591adf-8333903733,3B
669,ocds-591adf-7685216356,2B
670,ocds-591adf-5648979642,2B
671,ocds-591adf-4844071708,3B
672,ocds-591adf-1144553332,3B
673,ocds-591adf-4987436112,2B
674,ocds-591adf-9140188790,2B
675,ocds-591adf-9988950132,1A
676,ocds-591adf-6314380103,1A
677,ocds-591adf-1624878521,3B
678,ocds-591adf-4426584943,1A
679,ocds-591adf-1806088707,3B
680,ocds-591adf-1195303977,3B
681,ocds-591adf-3315096248,3B
682,ocds-591adf-3723126760,3B
683,ocds-591adf-1108632570,3B
684,ocds-591adf-9776014613,3B
685,ocds-591adf-6743049102,3B
686,ocds-591adf-4399564244,3B
687,ocds-591adf-5143717407,3A
688,ocds-591adf-2064950212,3B
689,ocds-591adf-9373760375,3B
690,ocds-591adf-3624750089,3B
691,ocds-591adf-8293745677,1C
692,ocds-591adf-3836497586,1A
693,ocds-591adf-4942070282,2C
694,ocds-591adf-6677014369,2C
695,ocds-591adf-7269927615,1A
696,ocds-591adf-1878297445,1C
697,ocds-591adf-3034053463,1A
698,ocds-591adf-6918850444,1A
699,ocds-591adf-2962312827,1A
700,ocds-591adf-9112931197,2C
701,ocds-591adf-3240944164,2C
702,ocds-591adf-2372332812,2B
703,ocds-591adf-6603720058,2A
704,ocds-591adf-2108050504,1A
705,ocds-591adf-8586283189,2A
706,ocds-591adf-1090177289,2A
707,ocds-591adf-7382402375,2C
708,ocds-591adf-2401833289,2A
709,ocds-591adf-7847639074,1C
710,ocds-591adf-4170419959,2C
711,ocds-591adf-3240717431,2C
712,ocds-591adf-5307724746,2B
713,ocds-591adf-4949559443,1B
714,ocds-591adf-4100054818,3B
715,ocds-591adf-3390216177,3B
716,ocds-591adf-0905492397,3B
717,ocds-591adf-4627617881,1B
718,ocds-591adf-4266757473,1B
719,ocds-591adf-7158316162,1B
720,ocds-591adf-9992750712,1B
721,ocds-591adf-0229286985,1B
722,ocds-591adf-9755129131,2B
723,ocds-591adf-8565852539,2C
724,ocds-591adf-9653814550,3B
725,ocds-591adf-9306866843,1B
726,ocds-591adf-7832951874,1C
727,ocds-591adf-2807774921,1B
728,ocds-591adf-7561219297,1B
729,ocds-591adf-8287357455,1B
730,ocds-591adf-7978718383,2A
731,ocds-591adf-0152077061,2B
732,ocds-591adf-0639747840,1A
733,ocds-591adf-1876794520,2B
734,ocds-591adf-6710616438,2A
735,ocds-591adf-2288241575,3B
736,ocds-591adf-5458382622,3B
737,ocds-591adf-1652437188,3B
738,ocds-591adf-3084399754,3B
739,ocds-591adf-8016771929,3A
740,ocds-591adf-0964401878,3A
741,ocds-591adf-1933643437,3B
742,ocds-591adf-4702341687,2B
743,ocds-591adf-9116317246,2B
744,ocds-591adf-8195848983,2B
745,ocds-591adf-9115122251,2B
746,ocds-591adf-6515199615,2B
747,ocds-591adf-8461631165,2B
748,ocds-591adf-0111399201,2B
749,ocds-591adf-5373437767,2B
750,ocds-591adf-6441264203,2B
751,ocds-591adf-1002152174,1A
752,ocds-591adf-5608935364,1A
753,ocds-591adf-4957567520,1B
754,ocds-591adf-6075316030,2C
755,ocds-591adf-5515805540,1B
756,ocds-591adf-1531285830,1A
757,ocds-591adf-9390285909,1A
758,ocds-591adf-3562069704,
759,ocds-591adf-4735659025,1C
760,ocds-591adf-0557496060,1B
761,ocds-591adf-8902140898,1B
762,ocds-591adf-2999190496,2A
763,ocds-591adf-7146752013,2A
764,ocds-591adf-0429102665,2A
765,ocds-591adf-8621709918,2A
766,ocds-591adf-2653125767,2A
767,ocds-591adf-0024730431,2A
768,ocds-591adf-4811240028,2A
769,ocds-591adf-9181613139,2A
770,ocds-591adf-8619369763,2A
771,ocds-591adf-5770617196,2A
772,ocds-591adf-0749759512,2A
773,ocds-591adf-3310202625,2B
774,ocds-591adf-5947912794,3A
775,ocds-591adf-5735524086,3B
776,ocds-591adf-2834590888,3A
777,ocds-591adf-0918711075,3A
778,ocds-591adf-1557880338,2B
779,ocds-591adf-7160759879,2B
780,ocds-591adf-3972422713,3A
781,ocds-591adf-5050631778,3B
782,ocds-591adf-6101890217,3A
783,ocds-591adf-3489610071,3A
784,ocds-591adf-4697175023,1A
785,ocds-591adf-8406258998,2C
786,ocds-591adf-1525694916,2A
787,ocds-591adf-6113163715,3B
788,ocds-591adf-7356438772,3A
789,ocds-591adf-5842281596,3A
790,ocds-591adf-1495612293,3B
791,ocds-591adf-2560580875,3A
792,ocds-591adf-1175980420,3A
793,ocds-591adf-3213850251,1A
794,ocds-591adf-2290683076,1C
795,ocds-591adf-3222625916,1C
796,ocds-591adf-2104563521,2C
797,ocds-591adf-3306467925,3B
798,ocds-591adf-7945637258,1B
799,ocds-591adf-5351039244,2A
800,ocds-591adf-8372045258,1A
801,ocds-591adf-2565867185,2A
802,ocds-591adf-3970511656,1C
803,ocds-591adf-7284594451,1C
804,ocds-591adf-7309139976,1B
805,ocds-591adf-2641884738,1B
806,ocds-591adf-0907900772,1A
807,ocds-591adf-7151047842,1B
808,ocds-591adf-6127005758,1B
809,ocds-591adf-1427685003,3A
810,ocds-591adf-5790278367,3A
811,ocds-591adf-0430095345,3A
812,ocds-591adf-8084760541,3A
813,ocds-591adf-8418648655,3A
814,ocds-591adf-9062019392,3A
815,ocds-591adf-2875278723,3A
816,ocds-591adf-5671551786,3A
817,ocds-591adf-8649591205,3A
818,ocds-591adf-2142895395,3A
819,ocds-591adf-7052435010,3A
820,ocds-591adf-0506940482,3A
821,ocds-591adf-5742489934,1A
822,ocds-591adf-3849458564,3A
823,ocds-591adf-1729407756,3A
824,ocds-591adf-2345256563,3A
825,ocds-591adf-2832539131,3A
826,ocds-591adf-6133633507,3A
827,ocds-591adf-7621688800,3A
828,ocds-591adf-9372360312,3A
829,ocds-591adf-1790554736,1A
830,ocds-591adf-0073976086,1A
831,ocds-591adf-8733736834,1A
832,ocds-591adf-6270187716,2A
833,ocds-591adf-0237904720,2A
834,ocds-591adf-5838344155,2A
835,ocds-591adf-7038321305,2A
836,ocds-591adf-0048000024,1C
837,ocds-591adf-9402339008,1A
838,ocds-591adf-6405225370,3B
839,ocds-591adf-5432334519,2A
840,ocds-591adf-3885815417,2A
841,ocds-591adf-0567930699,2A
842,ocds-591adf-8350674630,2A
843,ocds-591adf-1133439999,2A
844,ocds-591adf-6328981421,2A
845,ocds-591adf-7457426940,2A
846,ocds-591adf-8254959256,2A
847,ocds-591adf-0885560786,2A
848,ocds-591adf-7568305856,2A
849,ocds-591adf-2464468553,2A
850,ocds-591adf-1503083799,2A
851,ocds-591adf-7021319128,3A
852,ocds-591adf-4627474417,3A
853,ocds-591adf-7309505757,3A
854,ocds-591adf-7392828771,1A
855,ocds-591adf-0128347310,3A
856,ocds-591adf-3610601405,3A
857,ocds-591adf-8305944156,3B
858,ocds-591adf-9103477421,2B
859,ocds-591adf-6647672546,3B
860,ocds-591adf-9479842883,3A
861,ocds-591adf-3632117373,3A
862,ocds-591adf-6844414681,3A
863,ocds-591adf-4868375289,3B
864,ocds-591adf-3541607034,3B
865,ocds-591adf-3014563630,1C
866,ocds-591adf-2561344209,1C
867,ocds-591adf-5996211567,3B
868,ocds-591adf-5173064622,3A
869,ocds-591adf-5002996926,3A
870,ocds-591adf-6619573571,3B
871,ocds-591adf-8771416580,3B
872,ocds-591adf-8347903490,3B
873,ocds-591adf-1738863533,3A
874,ocds-591adf-5617783958,3A
875,ocds-591adf-7745396835,3B
876,ocds-591adf-6395827387,3A
877,ocds-591adf-5523323502,3A
878,ocds-591adf-9005998459,3A
879,ocds-591adf-2087022781,3B
880,ocds-591adf-3311940054,1A
881,ocds-591adf-0046337559,1A
882,ocds-591adf-2132876714,3A
883,ocds-591adf-6931884027,3A
884,ocds-591adf-9826942661,1C
885,ocds-591adf-5062562123,1A
886,ocds-591adf-6899660250,1A
887,ocds-591adf-3082701403,1A
888,ocds-591adf-2840001526,1B
889,ocds-591adf-7480993358,1A
890,ocds-591adf-8471021702,3A
891,ocds-591adf-5640901528,3A
892,ocds-591adf-0520048668,3A
893,ocds-591adf-1049807701,1B
894,ocds-591adf-5349103523,3A
895,ocds-591adf-8253847981,3A
896,ocds-591adf-5719351202,3A
897,ocds-591adf-4092291755,3A
898,ocds-591adf-4817327311,3A
899,ocds-591adf-2630451739,3A
900,ocds-591adf-1830857083,3A
901,ocds-591adf-7082927540,1B
902,ocds-591adf-1890956908,1A
903,ocds-591adf-3508920677,1B
904,ocds-591adf-7434035023,3A
905,ocds-591adf-7671295348,3A
906,ocds-591adf-8579268357,3A
907,ocds-591adf-5982022106,1A
908,ocds-591adf-5881345323,3A
909,ocds-591adf-0768912686,3A
910,ocds-591adf-1017331670,1A
911,ocds-591adf-0418193876,1A
912,ocds-591adf-7033732387,1B
913,ocds-591adf-5693053473,3A
914,ocds-591adf-9013529796,3A
915,ocds-591adf-4327268852,3A
916,ocds-591adf-3924527989,3A
917,ocds-591adf-9163586575,3A
918,ocds-591adf-8816736443,3A
919,ocds-591adf-5022904621,3A
920,ocds-591adf-7289872662,3A
921,ocds-591adf-4209194789,3A
922,ocds-591adf-0098522464,3A
923,ocds-591adf-5648230406,1A
924,ocds-591adf-0902890112,1C
925,ocds-591adf-1137124220,3A
926,ocds-591adf-2444922495,3A
927,ocds-591adf-2132740097,1B
928,ocds-591adf-6304551722,1A
929,ocds-591adf-2771733988,2C
930,ocds-591adf-7189538042,1A
931,ocds-591adf-6888313191,1A
932,ocds-591adf-8992507217,1B
933,ocds-591adf-6551345017,3B
934,ocds-591adf-9672853193,1A
935,ocds-591adf-2060430881,3B
936,ocds-591adf-4815087699,3B
937,ocds-591adf-6639553481,1B
938,ocds-591adf-8754224127,1A
939,ocds-591adf-2448012715,2B
940,ocds-591adf-6820918614,3B
941,ocds-591adf-9499174502,1B
942,ocds-591adf-9984180115,1A
943,ocds-591adf-8091377248,2B
944,ocds-591adf-9611382739,2A
945,ocds-591adf-2206116801,2A
946,ocds-591adf-2949159236,2C
947,ocds-591adf-0084789846,2B
948,ocds-591adf-1879283204,2C
949,ocds-591adf-8729199682,2B
950,ocds-591adf-4330236320,2A
951,ocds-591adf-0330524527,2A
952,ocds-591adf-9203596613,2C
953,ocds-591adf-0659745175,2C
954,ocds-591adf-6765508752,2B
955,ocds-591adf-6905017020,2B
956,ocds-591adf-7097600866,2A
957,ocds-591adf-6683484306,2A
958,ocds-591adf-2820755710,2C
959,ocds-591adf-5901007417,3B
960,ocds-591adf-9303519076,2B
961,ocds-591adf-5599626237,2B
962,ocds-591adf-0403566793,2B
963,ocds-591adf-2323048442,2B
964,ocds-591adf-6733432127,2C
965,ocds-591adf-9503345719,2C
966,ocds-591adf-3007352093,2C
967,ocds-591adf-9511153762,2C
968,ocds-591adf-1025920833,2C
969,ocds-591adf-5458811172,2C
970,ocds-591adf-0864171697,2B
971,ocds-591adf-4975594142,2A
972,ocds-591adf-9678147772,2A
973,ocds-591adf-4427784387,2B
974,ocds-591adf-7502849066,2C
975,ocds-591adf-5896574846,2C
976,ocds-591adf-3760721022,2C
977,ocds-591adf-9515562347,3B
978,ocds-591adf-5520433530,2B
979,ocds-591adf-8116673375,2A
980,ocds-591adf-4046187347,2A
981,ocds-591adf-0940672274,2A
982,ocds-591adf-1019283522,2A
983,ocds-591adf-8691193848,oneoff
984,ocds-591adf-3135230141,2A
985,ocds-591adf-5935767031,2A
986,ocds-591adf-2903171387,2A
987,ocds-591adf-3479988382,2A
988,ocds-591adf-5549008607,2A
989,ocds-591adf-3993686006,2A
990,ocds-591adf-7027592904,2A
991,ocds-591adf-9487119280,2A
992,ocds-591adf-6647835520,2A
993,ocds-591adf-3098471462,2A
994,ocds-591adf-3682822226,2A
995,ocds-591adf-5606276477,2A
996,ocds-591adf-6818766222,2B
997,ocds-591adf-1704013534,2B
998,ocds-591adf-2816170620,2B
999,ocds-591adf-1920965082,2B
1000,ocds-591adf-5357825509,1B
1001,ocds-591adf-4313867617,2A
1002,ocds-591adf-6051705587,2A
1003,ocds-591adf-8994683757,2A
1004,ocds-591adf-4292786006,3A
1005,ocds-591adf-5851624654,2A
1006,ocds-591adf-2018725841,3A
1007,ocds-591adf-2666101950,3B
1008,ocds-591adf-6543179654,1A
1009,ocds-591adf-0648943319,1A
1010,ocds-591adf-0240741237,1A
1011,ocds-591adf-7159952315,2B
1012,ocds-591adf-2947803650,1A
1013,ocds-591adf-4616542302,1A
1014,ocds-591adf-8449657549,2B
1015,ocds-591adf-4002079239,1B
1016,ocds-591adf-2623317081,1A
1017,ocds-591adf-1045801310,1B
1018,ocds-591adf-7451096540,1A
1019,ocds-591adf-1440947345,1A
1020,ocds-591adf-0213607157,1A
1021,ocds-591adf-4847279287,1A
1022,ocds-591adf-8606020946,3A
1023,ocds-591adf-0593665649,1B
1024,ocds-591adf-5231394526,1B
1025,ocds-591adf-2549975919,1B
1026,ocds-591adf-7590925822,3B
1027,ocds-591adf-1548046121,3B
1028,ocds-591adf-8549514639,oneoff
1029,ocds-591adf-1658238869,1A
1030,ocds-591adf-9975874698,
1031,ocds-591adf-5792510988,1A
1032,ocds-591adf-9194346883,1A
1033,ocds-591adf-5920713915,1C
1034,ocds-591adf-2917943809,1C
1035,ocds-591adf-0431745646,1A
1036,ocds-591adf-5502782183,1C
1037,ocds-591adf-4621402481,1A
1038,ocds-591adf-7705086445,1C
1039,ocds-591adf-1394673190,1A
1040,ocds-591adf-0633880291,1C
1041,ocds-591adf-4013712466,1C
1042,ocds-591adf-8757641437,1C
1043,ocds-591adf-8808867910,1C
1044,ocds-591adf-9119482338,1A
1045,ocds-591adf-5185619420,1C
1046,ocds-591adf-2181723079,1A
1047,ocds-591adf-4659660417,1C
1048,ocds-591adf-1314860465,1A
1049,ocds-591adf-1333562032,1C
1050,ocds-591adf-1265870384,1A
1051,ocds-591adf-3741414378,1C
1052,ocds-591adf-3060927282,1B
1053,ocds-591adf-6802401911,oneoff
1054,ocds-591adf-0620475055,2C
1055,ocds-591adf-3332230439,2B
1056,ocds-591adf-0588923601,2C
1057,ocds-591adf-4340639228,2B
1058,ocds-591adf-1240639543,1A
1059,ocds-591adf-6264516286,1A
1060,ocds-591adf-3838178041,1A
1061,ocds-591adf-2656241484,1A
1062,ocds-591adf-3922793692,1A
1063,ocds-591adf-1661389950,1B
1064,ocds-591adf-8033884916,2C
1065,ocds-591adf-9016560520,2C
1066,ocds-591adf-5003575897,2C
1067,ocds-591adf-0014595575,1B
1068,ocds-591adf-2590553572,1B
1069,ocds-591adf-9845812582,1C
1070,ocds-591adf-9582550876,1C
1071,ocds-591adf-8885391601,1C
1072,ocds-591adf-8615583226,1A
1073,ocds-591adf-4818516752,1C
1074,ocds-591adf-2931082215,1C
1075,ocds-591adf-9686067103,1A
1076,ocds-591adf-3613857557,1A
1077,ocds-591adf-1966792682,1B
1078,ocds-591adf-8156065501,1A
1079,ocds-591adf-5298783412,1C
1080,ocds-591adf-0332165904,1B
1081,ocds-591adf-0663604054,1A
1082,ocds-591adf-2703407408,1A
1083,ocds-591adf-5523624675,1B
1084,ocds-591adf-0304280379,1A
1085,ocds-591adf-7492095230,1C
1086,ocds-591adf-8204510927,1A
1087,ocds-591adf-3948563141,1B
1088,ocds-591adf-0806975065,1C
1089,ocds-591adf-6716589315,1C
1090,ocds-591adf-1212784561,1C
1091,ocds-591adf-0174649252,1A
1092,ocds-591adf-5731033659,1A
1093,ocds-591adf-3791594481,1A
1094,ocds-591adf-2623185299,1A
1095,ocds-591adf-4516518284,3B
1096,ocds-591adf-2878207711,2A
1097,ocds-591adf-4691685152,2C
1098,ocds-591adf-4096682799,2B
1099,ocds-591adf-8755928578,2C
1100,ocds-591adf-3900695508,1B
1101,ocds-591adf-1600391941,2C
1102,ocds-591adf-5901301414,2A
1103,ocds-591adf-0628187731,1C
1104,ocds-591adf-6366754885,1A
1105,ocds-591adf-1195181754,1A
1106,ocds-591adf-5741668866,2C
1107,ocds-591adf-1761043738,1B
1108,ocds-591adf-5398780842,2A
1109,ocds-591adf-4649532779,1B
1110,ocds-591adf-9517241316,2C
1111,ocds-591adf-2716410569,2A
1112,ocds-591adf-0230753212,2B
1113,ocds-591adf-8935235821,2A
1114,ocds-591adf-6424799341,1C
1115,ocds-591adf-5611369110,2B
1116,ocds-591adf-0669110404,1C
1117,ocds-591adf-2341010686,1A
1118,ocds-591adf-3141538334,1C
1119,ocds-591adf-4127444144,2B
1120,ocds-591adf-6859350868,2B
1121,ocds-591adf-4751281499,2B
1122,ocds-591adf-4534496341,2B
1123,ocds-591adf-8608678728,2A
1124,ocds-591adf-3492744232,2B
1125,ocds-591adf-6207349867,1B
1126,ocds-591adf-4565806973,1C
1127,ocds-591adf-8710976138,1C
1128,ocds-591adf-4624088322,1C
1129,ocds-591adf-3691607772,3B
1130,ocds-591adf-9352687684,3B
1131,ocds-591adf-7608740185,1A
1132,ocds-591adf-9669096564,2C
1133,ocds-591adf-3612985124,1A
1134,ocds-591adf-9145827406,1B
1135,ocds-591adf-3091034155,1A
1136,ocds-591adf-2774693704,2C
1137,ocds-591adf-9949039362,1A
1138,ocds-591adf-2159924071,2C
1139,ocds-591adf-6600480891,1B
1140,ocds-591adf-4744093490,1B
1141,ocds-591adf-2187423240,1A
1142,ocds-591adf-9642814017,2C
1143,ocds-591adf-8606873912,2C
1144,ocds-591adf-3114095943,2B
1145,ocds-591adf-4565366391,2B
1146,ocds-591adf-5738530463,2A
1147,ocds-591adf-6904959112,2C
1148,ocds-591adf-6562585363,2C
1149,ocds-591adf-9736395382,1A
1150,ocds-591adf-3433899670,1A
1151,ocds-591adf-9771948110,1A
1152,ocds-591adf-8615350441,2A
1153,ocds-591adf-0420392779,2A
1154,ocds-591adf-7040396335,2C
1155,ocds-591adf-9224709687,1C
1156,ocds-591adf-3319097151,2B
1157,ocds-591adf-6179905611,2C
1158,ocds-591adf-5618674336,2C
1159,ocds-591adf-9593916956,1A
1160,ocds-591adf-4449736548,2B
1161,ocds-591adf-3188330579,2C
1162,ocds-591adf-7450628171,2C
1163,ocds-591adf-8383008052,2A
1164,ocds-591adf-1774464193,1C
1165,ocds-591adf-4094040303,2C
1166,ocds-591adf-0198796310,3B
1167,ocds-591adf-3171785702,3B
1168,ocds-591adf-7734540457,3A
1169,ocds-591adf-0503804484,2B
1170,ocds-591adf-0812804983,2B
1171,ocds-591adf-6141206684,3B
1172,ocds-591adf-2092682614,3B
1173,ocds-591adf-6791296927,3B
1174,ocds-591adf-3883739385,3A
1175,ocds-591adf-0986499713,3A
1176,ocds-591adf-9881948675,3A
1177,ocds-591adf-5389246503,3B
1178,ocds-591adf-0301330279,3A
1179,ocds-591adf-0344045224,2B
1180,ocds-591adf-8179112735,3B
1181,ocds-591adf-2048247319,3B
1182,ocds-591adf-3029744647,2C
1183,ocds-591adf-9020733792,2C
1184,ocds-591adf-4453903916,3A
1185,ocds-591adf-3081289934,3B
1186,ocds-591adf-2588426277,3B
1187,ocds-591adf-3011184362,2C
1188,ocds-591adf-0608183813,3B
1189,ocds-591adf-4707202416,3B
1190,ocds-591adf-6379664048,3B
1191,ocds-591adf-7524520202,1C
1192,ocds-591adf-4388708715,2B
1193,ocds-591adf-1265783068,2A
1194,ocds-591adf-7225608504,2A
1195,ocds-591adf-7184311755,2C
1196,ocds-591adf-3309587999,3B
1197,ocds-591adf-4521876477,3B
1198,ocds-591adf-6599179594,3B
1199,ocds-591adf-5929939263,1B
1200,ocds-591adf-0056582197,1A
1201,ocds-591adf-5307554205,1A
1202,ocds-591adf-6442097844,1A
1203,ocds-591adf-7037390087,1B
1204,ocds-591adf-7838898920,1A
1205,ocds-591adf-1594677361,1A
1206,ocds-591adf-2792396017,1C
1207,ocds-591adf-0060618096,1C
1208,ocds-591adf-6975899734,1A
1209,ocds-591adf-8908710232,1C
1210,ocds-591adf-2689260212,1A
1211,ocds-591adf-0096337208,1B
1212,ocds-591adf-3967385753,3B
1213,ocds-591adf-1848958139,3B
1214,ocds-591adf-1568309950,3B
1215,ocds-591adf-5786638779,3A
1216,ocds-591adf-9150743494,3A
1217,ocds-591adf-5989472247,3A
1218,ocds-591adf-4324635670,3A
1219,ocds-591adf-7327563851,3A
1220,ocds-591adf-2085291906,3A
1221,ocds-591adf-8643637433,3A
1222,ocds-591adf-6723230082,3A
1223,ocds-591adf-3181973910,3A
1224,ocds-591adf-0752286025,3A
1225,ocds-591adf-3075888689,3A
1226,ocds-591adf-0400780078,3A
1227,ocds-591adf-8906775765,3A
1228,ocds-591adf-7458972547,3A
1229,ocds-591adf-8331257008,3A
1230,ocds-591adf-2310104390,1C
1231,ocds-591adf-6952221104,3A
1232,ocds-591adf-2584622111,3A
1233,ocds-591adf-1767064014,3A
1234,ocds-591adf-7295077079,3A
1235,ocds-591adf-6429175624,1A
1236,ocds-591adf-9691553720,1A
1237,ocds-591adf-2617767522,1B
1238,ocds-591adf-0379777229,3A
1239,ocds-591adf-1331777791,1A
1240,ocds-591adf-0679010757,3A
1241,ocds-591adf-7628828931,3A
1242,ocds-591adf-6870000871,3A
1243,ocds-591adf-9235697275,3A
1244,ocds-591adf-4444263100,3B
1245,ocds-591adf-0932882685,3A
1246,ocds-591adf-2902998583,3A
1247,ocds-591adf-7057275896,3A
1248,ocds-591adf-0326372369,3A
1249,ocds-591adf-5307882831,3A
1250,ocds-591adf-1653267082,3A
1251,ocds-591adf-3743828893,3B
1252,ocds-591adf-8202164908,3A
1253,ocds-591adf-0141575617,3B
1254,ocds-591adf-5086452156,3A
1255,ocds-591adf-6174985044,3A
1256,ocds-591adf-9479773023,1B
1257,ocds-591adf-7862766066,1A
1258,ocds-591adf-8497132181,1A
1259,ocds-591adf-5268407026,1A
1260,ocds-591adf-9099026006,1A
1261,ocds-591adf-7506508600,3A
1262,ocds-591adf-5028419621,3A
1263,ocds-591adf-2371985819,1A
1264,ocds-591adf-3371057877,3A
1265,ocds-591adf-8732695537,3A
1266,ocds-591adf-7459663089,1A
1267,ocds-591adf-7015363530,1B
1268,ocds-591adf-5805290587,1B
1269,ocds-591adf-9205170350,1C
1270,ocds-591adf-7403197571,1A
1271,ocds-591adf-6070894490,1B
1272,ocds-591adf-3960665000,1B
1273,ocds-591adf-3002242705,3A
1274,ocds-591adf-0567221607,3A
1275,ocds-591adf-4748554506,3A
1276,ocds-591adf-3176007619,3A
1277,ocds-591adf-1992119758,3A
1278,ocds-591adf-9521831132,3A
1279,ocds-591adf-3874532072,3B
1280,ocds-591adf-3405488231,3A
1281,ocds-591adf-5024464049,1A
1282,ocds-591adf-0585175110,1A
1283,ocds-591adf-2371500394,1A
1284,ocds-591adf-1296215998,3A
1285,ocds-591adf-3205263116,3B
1286,ocds-591adf-5277394261,3A
1287,ocds-591adf-7408802973,3A
1288,ocds-591adf-4365587467,1C
1289,ocds-591adf-1189831873,3B
1290,ocds-591adf-7237200728,3A
1291,ocds-591adf-1016120280,3A
1292,ocds-591adf-0259621498,1A
1293,ocds-591adf-1909627745,3A
1294,ocds-591adf-2421163259,1B
1295,ocds-591adf-8227546396,1B
1296,ocds-591adf-7831399968,3A
1297,ocds-591adf-6343053440,3B
1298,ocds-591adf-2012372387,3A
1299,ocds-591adf-8678868440,3A
1300,ocds-591adf-0462882243,1B
1301,ocds-591adf-0768322156,1B
1302,ocds-591adf-0752512707,1A
1303,ocds-591adf-4251085025,1A
1304,ocds-591adf-8212060329,1A
1305,ocds-591adf-7619321296,1A
1306,ocds-591adf-3014822399,1A
1307,ocds-591adf-6272694158,1A
1308,ocds-591adf-2849121033,1A
1309,ocds-591adf-4380310584,1A
1310,ocds-591adf-4350636426,1B
1311,ocds-591adf-5449890166,1B
1312,ocds-591adf-7842827037,1A
1313,ocds-591adf-2394038626,2A
1314,ocds-591adf-2517060866,3B
1315,ocds-591adf-9627658771,3A
1316,ocds-591adf-3217280085,3A
1317,ocds-591adf-7478918284,3B
1318,ocds-591adf-1353467417,3B
1319,ocds-591adf-2247482343,3B
1320,ocds-591adf-2944436063,3B
1321,ocds-591adf-9575525455,1A
1322,ocds-591adf-5744526094,3B
1323,ocds-591adf-3045742924,1B
1324,ocds-591adf-0292784834,3B
1325,ocds-591adf-3906687826,3B
1326,ocds-591adf-2409086627,3B
1327,ocds-591adf-8237158457,3B
1328,ocds-591adf-7216315066,3A
1329,ocds-591adf-5920721951,3A
1330,ocds-591adf-9538718130,3A
1331,ocds-591adf-8323664793,3A
1332,ocds-591adf-3845912103,1A
1333,ocds-591adf-2223493595,3B
1334,ocds-591adf-2014046591,3A
1335,ocds-591adf-8301066061,3A
1336,ocds-591adf-1740575512,3A
1337,ocds-591adf-7122812153,3B
1338,ocds-591adf-6635241984,3B
1339,ocds-591adf-0472937784,3B
1340,ocds-591adf-5838470097,1B
1341,ocds-591adf-9620382408,3B
1342,ocds-591adf-0461174209,3B
1343,ocds-591adf-0773715511,3B
1344,ocds-591adf-4261917359,3B
1345,ocds-591adf-9640771314,1A
1346,ocds-591adf-9975631650,2B
1347,ocds-591adf-4472784968,2A
1348,ocds-591adf-6867665811,2B
1349,ocds-591adf-5264428938,2B
1350,ocds-591adf-1772757144,1B
1351,ocds-591adf-2138416337,2B
1352,ocds-591adf-7495895218,2B
1353,ocds-591adf-4516755417,2B
1354,ocds-591adf-1883627976,3B
1355,ocds-591adf-7119806732,1B
1356,ocds-591adf-9922636059,1B
1357,ocds-591adf-2228036438,1A
1358,ocds-591adf-7782456340,2B
1359,ocds-591adf-8811971883,2B
1360,ocds-591adf-3533551205,3B
1361,ocds-591adf-2032447165,3B
1362,ocds-591adf-4214910059,3B
1363,ocds-591adf-1396308637,3A
1364,ocds-591adf-6930897736,2B
1365,ocds-591adf-3903097607,2B
1366,ocds-591adf-0848679252,2B
1367,ocds-591adf-9773101959,2B
1368,ocds-591adf-3037303443,2B
1369,ocds-591adf-4460143117,2B
1370,ocds-591adf-4314867939,2B
1371,ocds-591adf-5433801589,2B
1372,ocds-591adf-9062421271,2B
1373,ocds-591adf-9306039169,2B
1374,ocds-591adf-1177779538,1A
1375,ocds-591adf-8700327622,2A
1376,ocds-591adf-3822580249,1A
1377,ocds-591adf-3762588852,1A
1378,ocds-591adf-6460579184,1A
1379,ocds-591adf-7143693099,1B
1380,ocds-591adf-3234824350,2A
1381,ocds-591adf-5579407168,2A
1382,ocds-591adf-8152849352,2A
1383,ocds-591adf-7121914031,2A
1384,ocds-591adf-4180129773,2A
1385,ocds-591adf-6349675951,1B
1386,ocds-591adf-0272793826,1A
1387,ocds-591adf-6116103360,1A
1388,ocds-591adf-7892747625,1A
1389,ocds-591adf-4828324785,1C
1390,ocds-591adf-4234090645,1C
1391,ocds-591adf-6062199430,1A
1392,ocds-591adf-0302852534,1B
1393,ocds-591adf-3760122620,1A
1394,ocds-591adf-4010782709,2B
1395,ocds-591adf-2175879797,1A
1396,ocds-591adf-8521934512,2A
1397,ocds-591adf-2307327948,1A
1398,ocds-591adf-4406043787,1C
1399,ocds-591adf-1717538716,1B
1400,ocds-591adf-1510528295,1B
1401,ocds-591adf-2931775270,1B
1402,ocds-591adf-5685445366,1A
1403,ocds-591adf-0100189184,1B
1404,ocds-591adf-8525037580,1B
1405,ocds-591adf-5527410295,1B
1406,ocds-591adf-4270474629,1A
1407,ocds-591adf-2126098674,1B
1408,ocds-591adf-0976678795,1C
1409,ocds-591adf-1594835240,2A
1410,ocds-591adf-8120227611,2A
1411,ocds-591adf-4837532873,2A
1412,ocds-591adf-4789221573,2B
1413,ocds-591adf-4049230261,1B
1414,ocds-591adf-4207666738,1B
1415,ocds-591adf-9593858126,2A
1416,ocds-591adf-8944461550,1B
1417,ocds-591adf-7372770080,3B
1418,ocds-591adf-3986673209,2A
1419,ocds-591adf-3149266819,2C
1420,ocds-591adf-4370005060,1B
1421,ocds-591adf-2024220770,1B
1422,ocds-591adf-8090982720,2A
1423,ocds-591adf-1454401801,2A
1424,ocds-591adf-7068014216,2C
1425,ocds-591adf-9914903289,2A
1426,ocds-591adf-2015681219,2A
1427,ocds-591adf-6886084452,2A
1428,ocds-591adf-7433399809,2A
1429,ocds-591adf-6477149327,2A
1430,ocds-591adf-6265815339,1A
1431,ocds-591adf-8459966788,2A
1432,ocds-591adf-1596285788,2A
1433,ocds-591adf-9855163235,2A
1434,ocds-591adf-9619723902,1C
1435,ocds-591adf-0842774436,1B
1436,ocds-591adf-8913086018,2A
1437,ocds-591adf-4284433444,2A
1438,ocds-591adf-8376312952,2A
1439,ocds-591adf-7785339907,1B
1440,ocds-591adf-0311756882,1A
1441,ocds-591adf-0475780199,2A
1442,ocds-591adf-4484816003,2A
1443,ocds-591adf-4290386059,2A
1444,ocds-591adf-2078279301,1B
1445,ocds-591adf-3137703237,1B
1446,ocds-591adf-2610580215,2A
1447,ocds-591adf-4525917050,2A
1448,ocds-591adf-4743918819,1B
1449,ocds-591adf-4363752292,2C
1450,ocds-591adf-2767980529,3B
1451,ocds-591adf-9532496828,2B
1452,ocds-591adf-4282669265,2B
1453,ocds-591adf-7476483428,2C
1454,ocds-591adf-4498305521,2C
1455,ocds-591adf-9115409558,2C
1456,ocds-591adf-7829938225,2C
1457,ocds-591adf-1249445888,2C
1458,ocds-591adf-3119260709,2A
1459,ocds-591adf-8293568781,2A
1460,ocds-591adf-0682153656,2A
1461,ocds-591adf-0020404818,oneoff
1462,ocds-591adf-8398776486,2A
1463,ocds-591adf-9932168781,2A
1464,ocds-591adf-6547895805,2B
1465,ocds-591adf-8487663899,2B
1466,ocds-591adf-1926725137,2B
1467,ocds-591adf-9506474994,2C
1468,ocds-591adf-5096812350,2C
1469,ocds-591adf-1188759602,2A
1470,ocds-591adf-7650565205,3B
1471,ocds-591adf-5459637590,2C
1472,ocds-591adf-9269181621,2C
1473,ocds-591adf-0684176653,2A
1474,ocds-591adf-1649970298,2B
1475,ocds-591adf-8260381254,2B
1476,ocds-591adf-9292872653,2A
1477,ocds-591adf-0781697699,2C
1478,ocds-591adf-5576431527,2A
1479,ocds-591adf-6442841974,2A
1480,ocds-591adf-8797519591,2A
1481,ocds-591adf-7492015340,2A
1482,ocds-591adf-4091289998,2A
1483,ocds-591adf-0143682044,2A
1484,ocds-591adf-5128040886,2A
1485,ocds-591adf-7013278443,2A
1486,ocds-591adf-9352317451,2B
1487,ocds-591adf-9423984040,2B
1488,ocds-591adf-6393096610,2B
1489,ocds-591adf-1226071359,2B
1490,ocds-591adf-9251512174,2A
1491,ocds-591adf-0469490625,2A
1492,ocds-591adf-3469180455,3B
1493,ocds-591adf-9981564942,1B
1494,ocds-591adf-5442186007,3B
1495,ocds-591adf-6921063233,1A
